filepath,label,fold,true_label_name,pred_label_id,pred_label_name,prob_recyclable,prob_electronic,prob_organic,confidence
/content/drive/MyDrive/BDC2026/train/0_Recyclable/R_5929.jpg,0,3,Recyclable,2,Organic,0.12821000415181488,0.0,0.8717899958481852,0.8717899958481852
/content/drive/MyDrive/BDC2026/train/0_Recyclable/R_5642.jpg,0,1,Recyclable,2,Organic,0.14037394833005118,0.0,0.8596260516699488,0.8596260516699488
/content/drive/MyDrive/BDC2026/train/0_Recyclable/R_5850.jpg,0,1,Recyclable,2,Organic,0.3347512590759195,0.06784935469123592,0.5973993862328446,0.5973993862328446
/content/drive/MyDrive/BDC2026/train/0_Recyclable/R_563.jpg,0,2,Recyclable,2,Organic,0.0,0.0,1.0,1.0
/content/drive/MyDrive/BDC2026/train/0_Recyclable/R_6078.jpg,0,3,Recyclable,2,Organic,0.20006225786058066,0.0,0.7999377421394194,0.7999377421394194
/content/drive/MyDrive/BDC2026/train/0_Recyclable/R_7063.jpg,0,4,Recyclable,2,Organic,0.45837827236662426,0.061985296904615184,0.47963643072876055,0.47963643072876055
/content/drive/MyDrive/BDC2026/train/0_Recyclable/R_6862.jpg,0,0,Recyclable,1,Electronic,0.3946270697539429,0.6053729302460571,0.0,0.6053729302460571
/content/drive/MyDrive/BDC2026/train/0_Recyclable/R_6935.jpg,0,3,Recyclable,2,Organic,0.16095623617501298,0.0,0.839043763824987,0.839043763824987
/content/drive/MyDrive/BDC2026/train/0_Recyclable/R_757.jpg,0,3,Recyclable,2,Organic,0.3864031784192517,0.0,0.6135968215807484,0.6135968215807484
/content/drive/MyDrive/BDC2026/train/0_Recyclable/R_7802.jpg,0,4,Recyclable,2,Organic,0.2757192846914856,0.0,0.7242807153085145,0.7242807153085145
/content/drive/MyDrive/BDC2026/train/0_Recyclable/R_7825.jpg,0,4,Recyclable,2,Organic,0.19984966004382174,0.0,0.8001503399561782,0.8001503399561782
/content/drive/MyDrive/BDC2026/train/0_Recyclable/R_793.jpg,0,0,Recyclable,1,Electronic,0.20426423520035383,0.7294802381229006,0.0662555266767455,0.7294802381229006
/content/drive/MyDrive/BDC2026/train/0_Recyclable/R_8223.jpg,0,0,Recyclable,2,Organic,0.34650959911239504,0.0,0.6534904008876049,0.6534904008876049
/content/drive/MyDrive/BDC2026/train/0_Recyclable/R_813.jpg,0,2,Recyclable,2,Organic,0.2059792018292906,0.0,0.7940207981707094,0.7940207981707094
/content/drive/MyDrive/BDC2026/train/0_Recyclable/R_821.jpg,0,3,Recyclable,2,Organic,0.06445397629925263,0.0,0.9355460237007474,0.9355460237007474
/content/drive/MyDrive/BDC2026/train/0_Recyclable/R_818.jpg,0,1,Recyclable,2,Organic,0.24614246553969163,0.0,0.7538575344603083,0.7538575344603083
/content/drive/MyDrive/BDC2026/train/0_Recyclable/R_859.jpg,0,4,Recyclable,2,Organic,0.20110959049389193,0.0,0.7988904095061081,0.7988904095061081
/content/drive/MyDrive/BDC2026/train/0_Recyclable/R_8394.jpg,0,0,Recyclable,2,Organic,0.48606330521897856,0.0,0.5139366947810214,0.5139366947810214
/content/drive/MyDrive/BDC2026/train/0_Recyclable/R_8534.jpg,0,4,Recyclable,2,Organic,0.34894020807926324,0.0,0.6510597919207368,0.6510597919207368
/content/drive/MyDrive/BDC2026/train/0_Recyclable/R_8295.jpg,0,1,Recyclable,1,Electronic,0.0,1.0,0.0,1.0
/content/drive/MyDrive/BDC2026/train/0_Recyclable/R_921.jpg,0,4,Recyclable,2,Organic,0.20261887822556668,0.0,0.7973811217744333,0.7973811217744333
/content/drive/MyDrive/BDC2026/train/0_Recyclable/R_9579.jpg,0,1,Recyclable,2,Organic,0.3292470208097657,0.0,0.6707529791902342,0.6707529791902342
/content/drive/MyDrive/BDC2026/train/0_Recyclable/R_9957.jpg,0,3,Recyclable,2,Organic,0.0,0.0,1.0,1.0
/content/drive/MyDrive/BDC2026/train/0_Recyclable/R_9924.jpg,0,0,Recyclable,1,Electronic,0.13196861201083662,0.5405587784170811,0.32747260957208224,0.5405587784170811
/content/drive/MyDrive/BDC2026/train/0_Recyclable/R_9951.jpg,0,2,Recyclable,1,Electronic,0.1463715361135246,0.8536284638864754,0.0,0.8536284638864754
/content/drive/MyDrive/BDC2026/train/0_Recyclable/R_1493.jpg,0,4,Recyclable,2,Organic,0.3317039261518556,0.0,0.6682960738481444,0.6682960738481444
/content/drive/MyDrive/BDC2026/train/0_Recyclable/R_1499.jpg,0,2,Recyclable,2,Organic,0.1341396043532099,0.0,0.8658603956467901,0.8658603956467901
/content/drive/MyDrive/BDC2026/train/0_Recyclable/R_2378.jpg,0,3,Recyclable,2,Organic,0.4593365750483942,0.06347784741318076,0.47718557753842505,0.47718557753842505
/content/drive/MyDrive/BDC2026/train/0_Recyclable/R_2988.jpg,0,3,Recyclable,1,Electronic,0.27457780787739416,0.636035052812035,0.08938713931057082,0.636035052812035
/content/drive/MyDrive/BDC2026/train/0_Recyclable/R_2761.jpg,0,1,Recyclable,2,Organic,0.06608271878721363,0.0,0.9339172812127864,0.9339172812127864
/content/drive/MyDrive/BDC2026/train/0_Recyclable/R_302.jpg,0,3,Recyclable,2,Organic,0.06890985336562835,0.0,0.9310901466343716,0.9310901466343716
/content/drive/MyDrive/BDC2026/train/0_Recyclable/R_4413.jpg,0,0,Recyclable,2,Organic,0.2043971781040906,0.0,0.7956028218959094,0.7956028218959094
/content/drive/MyDrive/BDC2026/train/0_Recyclable/R_4528.jpg,0,1,Recyclable,2,Organic,0.13126419039020348,0.0,0.8687358096097966,0.8687358096097966
/content/drive/MyDrive/BDC2026/train/0_Recyclable/R_4483.jpg,0,3,Recyclable,2,Organic,0.06750247021261317,0.0,0.9324975297873869,0.9324975297873869
/content/drive/MyDrive/BDC2026/train/0_Recyclable/R_4833.jpg,0,1,Recyclable,2,Organic,0.43520895860799125,0.0,0.5647910413920088,0.5647910413920088
/content/drive/MyDrive/BDC2026/train/0_Recyclable/R_491.jpg,0,1,Recyclable,2,Organic,0.13286900811357438,0.0,0.8671309918864256,0.8671309918864256
/content/drive/MyDrive/BDC2026/train/0_Recyclable/R_4815.jpg,0,2,Recyclable,2,Organic,0.06443225484476088,0.0,0.9355677451552391,0.9355677451552391
/content/drive/MyDrive/BDC2026/train/0_Recyclable/R_4869.jpg,0,0,Recyclable,2,Organic,0.4233101927791721,0.0,0.5766898072208279,0.5766898072208279
/content/drive/MyDrive/BDC2026/train/0_Recyclable/R_5341.jpg,0,1,Recyclable,2,Organic,0.2148743869070082,0.0,0.7851256130929918,0.7851256130929918
/content/drive/MyDrive/BDC2026/train/0_Recyclable/R_8303.jpg,0,1,Recyclable,2,Organic,0.3321041612604656,0.0,0.6678958387395344,0.6678958387395344
/content/drive/MyDrive/BDC2026/train/0_Recyclable/R_8794.jpg,0,3,Recyclable,2,Organic,0.45544921645447134,0.0,0.5445507835455287,0.5445507835455287
/content/drive/MyDrive/BDC2026/train/0_Recyclable/R_9828.jpg,0,0,Recyclable,2,Organic,0.0,0.0,1.0,1.0
/content/drive/MyDrive/BDC2026/train/0_Recyclable/R_8275.jpg,0,1,Recyclable,2,Organic,0.47134861241204096,0.0,0.528651387587959,0.528651387587959
/content/drive/MyDrive/BDC2026/train/0_Recyclable/R_9858.jpg,0,4,Recyclable,1,Electronic,0.428424664751701,0.571575335248299,0.0,0.571575335248299
/content/drive/MyDrive/BDC2026/train/0_Recyclable/R_9407.jpg,0,0,Recyclable,2,Organic,0.1388820096327549,0.0,0.8611179903672451,0.8611179903672451
/content/drive/MyDrive/BDC2026/train/0_Recyclable/R_9777.jpg,1,4,Electronic,0,Recyclable,0.9349641227268318,0.06503587727316816,0.0,0.9349641227268318
/content/drive/MyDrive/BDC2026/train/0_Recyclable/R_9277.jpg,0,1,Recyclable,2,Organic,0.34302706758904383,0.0,0.6569729324109561,0.6569729324109561
/content/drive/MyDrive/BDC2026/train/0_Recyclable/R_8257.jpg,0,4,Recyclable,2,Organic,0.0,0.0,1.0,1.0
/content/drive/MyDrive/BDC2026/train/0_Recyclable/R_9789.jpg,0,4,Recyclable,1,Electronic,0.3968333165577657,0.5323491978571036,0.07081748558513071,0.5323491978571036
/content/drive/MyDrive/BDC2026/train/0_Recyclable/R_839.jpg,0,4,Recyclable,2,Organic,0.2052853673426106,0.0,0.7947146326573894,0.7947146326573894
/content/drive/MyDrive/BDC2026/train/0_Recyclable/R_9775.jpg,0,0,Recyclable,2,Organic,0.0,0.0,1.0,1.0
/content/drive/MyDrive/BDC2026/train/0_Recyclable/R_9926.jpg,0,1,Recyclable,1,Electronic,0.1195471943910956,0.8804528056089044,0.0,0.8804528056089044
/content/drive/MyDrive/BDC2026/train/0_Recyclable/R_8416.jpg,0,1,Recyclable,2,Organic,0.2650004845763466,0.0,0.7349995154236534,0.7349995154236534
/content/drive/MyDrive/BDC2026/train/0_Recyclable/R_7205.jpg,0,0,Recyclable,2,Organic,0.4899559432217076,0.0,0.5100440567782925,0.5100440567782925
/content/drive/MyDrive/BDC2026/train/0_Recyclable/R_6995.jpg,0,3,Recyclable,2,Organic,0.11993611969813783,0.0,0.8800638803018622,0.8800638803018622
/content/drive/MyDrive/BDC2026/train/0_Recyclable/R_7004.jpg,0,1,Recyclable,2,Organic,0.47428513007523704,0.0,0.525714869924763,0.525714869924763
/content/drive/MyDrive/BDC2026/train/0_Recyclable/R_8315.jpg,0,4,Recyclable,2,Organic,0.0,0.0,1.0,1.0
/content/drive/MyDrive/BDC2026/train/0_Recyclable/R_9537.jpg,0,4,Recyclable,2,Organic,0.0,0.0,1.0,1.0
/content/drive/MyDrive/BDC2026/train/0_Recyclable/R_896.jpg,0,1,Recyclable,2,Organic,0.4669889868414242,0.0,0.5330110131585758,0.5330110131585758
/content/drive/MyDrive/BDC2026/train/0_Recyclable/R_9774.jpg,0,3,Recyclable,1,Electronic,0.0,0.9343581066656985,0.06564189333430151,0.9343581066656985
/content/drive/MyDrive/BDC2026/train/0_Recyclable/R_811.jpg,0,1,Recyclable,2,Organic,0.0,0.0,1.0,1.0
/content/drive/MyDrive/BDC2026/train/0_Recyclable/R_9817.jpg,0,0,Recyclable,2,Organic,0.0,0.0,1.0,1.0
/content/drive/MyDrive/BDC2026/train/0_Recyclable/R_8374.jpg,0,3,Recyclable,1,Electronic,0.0,1.0,0.0,1.0
/content/drive/MyDrive/BDC2026/train/0_Recyclable/R_9193.jpg,1,0,Electronic,0,Recyclable,0.8002635690773081,0.1997364309226919,0.0,0.8002635690773081
/content/drive/MyDrive/BDC2026/train/0_Recyclable/R_9133.jpg,0,1,Recyclable,2,Organic,0.3975163897627715,0.063688639720235,0.5387949705169935,0.5387949705169935
/content/drive/MyDrive/BDC2026/train/0_Recyclable/R_8471.jpg,0,3,Recyclable,2,Organic,0.46882718891888664,0.0,0.5311728110811134,0.5311728110811134
/content/drive/MyDrive/BDC2026/train/0_Recyclable/R_678.jpg,0,3,Recyclable,2,Organic,0.40744767671637744,0.0,0.5925523232836225,0.5925523232836225
/content/drive/MyDrive/BDC2026/train/0_Recyclable/R_7226.jpg,0,1,Recyclable,2,Organic,0.20192018680732873,0.0,0.7980798131926713,0.7980798131926713
/content/drive/MyDrive/BDC2026/train/0_Recyclable/R_711.jpg,0,0,Recyclable,2,Organic,0.20443726421105304,0.0,0.795562735788947,0.795562735788947
/content/drive/MyDrive/BDC2026/train/0_Recyclable/R_7659.jpg,0,0,Recyclable,2,Organic,0.39932826450518555,0.19774277591018583,0.4029289595846286,0.4029289595846286
/content/drive/MyDrive/BDC2026/train/0_Recyclable/R_745.jpg,0,2,Recyclable,2,Organic,0.39819897462895454,0.0,0.6018010253710455,0.6018010253710455
/content/drive/MyDrive/BDC2026/train/0_Recyclable/R_792.jpg,0,4,Recyclable,2,Organic,0.06373594802024414,0.0,0.9362640519797558,0.9362640519797558
/content/drive/MyDrive/BDC2026/train/0_Recyclable/R_566.jpg,0,0,Recyclable,2,Organic,0.0,0.0,1.0,1.0
/content/drive/MyDrive/BDC2026/train/0_Recyclable/R_4909.jpg,0,0,Recyclable,2,Organic,0.345894739696729,0.0,0.654105260303271,0.654105260303271
/content/drive/MyDrive/BDC2026/train/0_Recyclable/R_4967.jpg,0,1,Recyclable,2,Organic,0.4133278977619922,0.0,0.5866721022380078,0.5866721022380078
/content/drive/MyDrive/BDC2026/train/0_Recyclable/R_4899.jpg,0,4,Recyclable,2,Organic,0.33048730959905215,0.0,0.6695126904009479,0.6695126904009479
/content/drive/MyDrive/BDC2026/train/0_Recyclable/R_604.jpg,0,2,Recyclable,2,Organic,0.0,0.0,1.0,1.0
/content/drive/MyDrive/BDC2026/train/0_Recyclable/R_548.jpg,0,2,Recyclable,2,Organic,0.06380544835032385,0.0,0.9361945516496761,0.9361945516496761
/content/drive/MyDrive/BDC2026/train/0_Recyclable/R_6495.jpg,0,4,Recyclable,1,Electronic,0.2686882202867846,0.46623042842451323,0.2650813512887022,0.46623042842451323
/content/drive/MyDrive/BDC2026/train/0_Recyclable/R_7170.jpg,0,0,Recyclable,2,Organic,0.46637547340178503,0.0,0.533624526598215,0.533624526598215
/content/drive/MyDrive/BDC2026/train/0_Recyclable/R_742.jpg,0,3,Recyclable,2,Organic,0.06188885032570095,0.0,0.9381111496742991,0.9381111496742991
/content/drive/MyDrive/BDC2026/train/0_Recyclable/R_783.jpg,0,1,Recyclable,2,Organic,0.3333552070116932,0.0,0.6666447929883068,0.6666447929883068
/content/drive/MyDrive/BDC2026/train/0_Recyclable/R_386.jpg,0,1,Recyclable,2,Organic,0.423644757771068,0.0,0.576355242228932,0.576355242228932
/content/drive/MyDrive/BDC2026/train/0_Recyclable/R_4529.jpg,0,2,Recyclable,2,Organic,0.0,0.0,1.0,1.0
/content/drive/MyDrive/BDC2026/train/0_Recyclable/R_4914.jpg,0,4,Recyclable,2,Organic,0.27694408818486643,0.0,0.7230559118151336,0.7230559118151336
/content/drive/MyDrive/BDC2026/train/0_Recyclable/R_4769.jpg,0,1,Recyclable,1,Electronic,0.0,0.7818661490249217,0.21813385097507831,0.7818661490249217
/content/drive/MyDrive/BDC2026/train/0_Recyclable/R_4918.jpg,0,1,Recyclable,2,Organic,0.46946434570733175,0.0,0.5305356542926682,0.5305356542926682
/content/drive/MyDrive/BDC2026/train/0_Recyclable/R_4631.jpg,0,2,Recyclable,2,Organic,0.27657884920843084,0.0,0.7234211507915691,0.7234211507915691
/content/drive/MyDrive/BDC2026/train/0_Recyclable/R_5022.jpg,0,4,Recyclable,2,Organic,0.1844760622774265,0.0,0.8155239377225735,0.8155239377225735
/content/drive/MyDrive/BDC2026/train/0_Recyclable/R_4675.jpg,0,0,Recyclable,2,Organic,0.06792156124838353,0.0,0.9320784387516164,0.9320784387516164
/content/drive/MyDrive/BDC2026/train/0_Recyclable/R_5579.jpg,0,3,Recyclable,2,Organic,0.0,0.0,1.0,1.0
/content/drive/MyDrive/BDC2026/train/0_Recyclable/R_4198.jpg,0,1,Recyclable,2,Organic,0.21805187666232642,0.0,0.7819481233376736,0.7819481233376736
/content/drive/MyDrive/BDC2026/train/0_Recyclable/R_5044.jpg,0,3,Recyclable,2,Organic,0.3604324046300439,0.0,0.6395675953699561,0.6395675953699561
/content/drive/MyDrive/BDC2026/train/0_Recyclable/R_5016.jpg,0,0,Recyclable,2,Organic,0.3213898573837149,0.0,0.6786101426162852,0.6786101426162852
/content/drive/MyDrive/BDC2026/train/0_Recyclable/R_400.jpg,0,0,Recyclable,2,Organic,0.12280564380282405,0.0,0.877194356197176,0.877194356197176
/content/drive/MyDrive/BDC2026/train/0_Recyclable/R_3309.jpg,0,2,Recyclable,2,Organic,0.4244267886883869,0.0,0.5755732113116131,0.5755732113116131
/content/drive/MyDrive/BDC2026/train/0_Recyclable/R_3513.jpg,0,3,Recyclable,2,Organic,0.4096025623661851,0.0,0.5903974376338149,0.5903974376338149
/content/drive/MyDrive/BDC2026/train/0_Recyclable/R_3556.jpg,0,4,Recyclable,2,Organic,0.3933839443999618,0.0,0.6066160556000382,0.6066160556000382
/content/drive/MyDrive/BDC2026/train/0_Recyclable/R_3262.jpg,0,3,Recyclable,2,Organic,0.4675499833579137,0.0,0.5324500166420864,0.5324500166420864
/content/drive/MyDrive/BDC2026/train/0_Recyclable/R_1523.jpg,0,3,Recyclable,2,Organic,0.2662206681535608,0.0,0.7337793318464392,0.7337793318464392
/content/drive/MyDrive/BDC2026/train/0_Recyclable/R_2451.jpg,0,1,Recyclable,2,Organic,0.3925898679459428,0.0,0.6074101320540573,0.6074101320540573
/content/drive/MyDrive/BDC2026/train/1_Electronic/59.AdobeStock_500968458-800x250.jpeg,0,3,Recyclable,1,Electronic,0.06424749085320869,0.9357525091467913,0.0,0.9357525091467913
/content/drive/MyDrive/BDC2026/train/1_Electronic/battery_61.jpg,1,2,Electronic,0,Recyclable,0.5982087106167404,0.40179128938325953,0.0,0.5982087106167404
/content/drive/MyDrive/BDC2026/train/1_Electronic/pcb_77.jpg,0,2,Recyclable,1,Electronic,0.0,1.0,0.0,1.0
/content/drive/MyDrive/BDC2026/train/1_Electronic/66.images28329.jpeg,1,1,Electronic,0,Recyclable,0.6017612052331801,0.33115400905047665,0.06708478571634323,0.6017612052331801
/content/drive/MyDrive/BDC2026/train/2_Organic/O_6862.jpg,2,1,Organic,0,Recyclable,0.6034027813889664,0.0658679662467772,0.3307292523642564,0.6034027813889664
/content/drive/MyDrive/BDC2026/train/2_Organic/O_6812.jpg,2,2,Organic,0,Recyclable,0.9275965463774946,0.0,0.07240345362250548,0.9275965463774946
/content/drive/MyDrive/BDC2026/train/2_Organic/O_7776.jpg,2,0,Organic,1,Electronic,0.0,1.0,0.0,1.0
/content/drive/MyDrive/BDC2026/train/2_Organic/O_7910.jpg,2,0,Organic,1,Electronic,0.0,1.0,0.0,1.0
/content/drive/MyDrive/BDC2026/train/2_Organic/O_8864.jpg,2,2,Organic,0,Recyclable,0.9392273849011661,0.0,0.06077261509883393,0.9392273849011661
/content/drive/MyDrive/BDC2026/train/2_Organic/O_9005.jpg,2,2,Organic,0,Recyclable,0.590288289854878,0.0,0.4097117101451219,0.590288289854878
/content/drive/MyDrive/BDC2026/train/2_Organic/O_9208.jpg,2,2,Organic,0,Recyclable,0.6248914331022799,0.0,0.37510856689772015,0.6248914331022799
/content/drive/MyDrive/BDC2026/train/2_Organic/O_9919.jpg,2,0,Organic,0,Recyclable,0.7234770533703324,0.2765229466296676,0.0,0.7234770533703324
/content/drive/MyDrive/BDC2026/train/2_Organic/O_1678.jpg,2,3,Organic,0,Recyclable,0.7351760300642054,0.0,0.26482396993579466,0.7351760300642054
/content/drive/MyDrive/BDC2026/train/2_Organic/O_1672.jpg,2,0,Organic,0,Recyclable,0.7803166318696079,0.0,0.2196833681303921,0.7803166318696079
/content/drive/MyDrive/BDC2026/train/2_Organic/O_1538.jpg,2,4,Organic,0,Recyclable,0.8043629963712366,0.0,0.19563700362876335,0.8043629963712366
/content/drive/MyDrive/BDC2026/train/2_Organic/O_1652.jpg,2,2,Organic,1,Electronic,0.12806840870398162,0.8094582403033315,0.0624733509926869,0.8094582403033315
/content/drive/MyDrive/BDC2026/train/2_Organic/O_1717.jpg,2,3,Organic,0,Recyclable,0.8673918498248306,0.06516086240972732,0.06744728776544205,0.8673918498248306
/content/drive/MyDrive/BDC2026/train/2_Organic/O_1666.jpg,2,0,Organic,0,Recyclable,1.0,0.0,0.0,1.0
/content/drive/MyDrive/BDC2026/train/2_Organic/O_1731.jpg,2,2,Organic,0,Recyclable,0.6792705047875365,0.0,0.3207294952124636,0.6792705047875365
/content/drive/MyDrive/BDC2026/train/2_Organic/O_1704.jpg,2,4,Organic,0,Recyclable,0.8579452152517142,0.0,0.14205478474828578,0.8579452152517142
/content/drive/MyDrive/BDC2026/train/2_Organic/O_1870.jpg,0,1,Recyclable,1,Electronic,0.06202813865338847,0.9379718613466115,0.0,0.9379718613466115
/content/drive/MyDrive/BDC2026/train/2_Organic/O_1773.jpg,2,1,Organic,0,Recyclable,0.9361220897431294,0.06387791025687065,0.0,0.9361220897431294
/content/drive/MyDrive/BDC2026/train/2_Organic/O_1901.jpg,2,1,Organic,0,Recyclable,0.5411719535112618,0.0,0.4588280464887382,0.5411719535112618
/content/drive/MyDrive/BDC2026/train/2_Organic/O_396.jpg,2,0,Organic,0,Recyclable,0.5163429541373282,0.0,0.4836570458626718,0.5163429541373282
/content/drive/MyDrive/BDC2026/train/2_Organic/O_474.jpg,2,3,Organic,0,Recyclable,0.5539426112179862,0.0,0.4460573887820139,0.5539426112179862
/content/drive/MyDrive/BDC2026/train/2_Organic/O_4910.jpg,2,3,Organic,0,Recyclable,0.9362521934241044,0.0,0.0637478065758956,0.9362521934241044
/content/drive/MyDrive/BDC2026/train/2_Organic/O_550.jpg,2,4,Organic,0,Recyclable,0.9330649591280796,0.0,0.06693504087192031,0.9330649591280796
/content/drive/MyDrive/BDC2026/train/2_Organic/O_5225.jpg,2,2,Organic,0,Recyclable,0.9335225945082893,0.0,0.0664774054917106,0.9335225945082893
/content/drive/MyDrive/BDC2026/train/2_Organic/O_5263.jpg,2,4,Organic,0,Recyclable,1.0,0.0,0.0,1.0
/content/drive/MyDrive/BDC2026/train/2_Organic/O_9065.jpg,2,1,Organic,0,Recyclable,0.6512515746344493,0.0,0.3487484253655508,0.6512515746344493
/content/drive/MyDrive/BDC2026/train/2_Organic/O_939.jpg,2,4,Organic,0,Recyclable,1.0,0.0,0.0,1.0
/content/drive/MyDrive/BDC2026/train/2_Organic/O_8926.jpg,2,1,Organic,0,Recyclable,0.5993634362969648,0.0,0.4006365637030353,0.5993634362969648
/content/drive/MyDrive/BDC2026/train/2_Organic/O_10386.jpg,2,2,Organic,0,Recyclable,0.7388167421784391,0.0,0.26118325782156093,0.7388167421784391
/content/drive/MyDrive/BDC2026/train/2_Organic/O_11070.jpg,2,4,Organic,0,Recyclable,1.0,0.0,0.0,1.0
/content/drive/MyDrive/BDC2026/train/2_Organic/O_8625.jpg,2,1,Organic,0,Recyclable,0.8052248615096305,0.0,0.1947751384903696,0.8052248615096305
/content/drive/MyDrive/BDC2026/train/2_Organic/O_8639.jpg,2,0,Organic,0,Recyclable,0.5266569775249674,0.0,0.47334302247503257,0.5266569775249674
/content/drive/MyDrive/BDC2026/train/2_Organic/O_9175.jpg,2,4,Organic,0,Recyclable,0.9271302158520616,0.0,0.07286978414793842,0.9271302158520616
/content/drive/MyDrive/BDC2026/train/2_Organic/O_8873.jpg,2,2,Organic,0,Recyclable,0.6959182832161609,0.0,0.3040817167838391,0.6959182832161609
/content/drive/MyDrive/BDC2026/train/2_Organic/O_8909.jpg,2,3,Organic,0,Recyclable,0.535146015059657,0.0,0.464853984940343,0.535146015059657
/content/drive/MyDrive/BDC2026/train/2_Organic/O_9183.jpg,2,4,Organic,0,Recyclable,0.59367369202196,0.0,0.4063263079780401,0.59367369202196
/content/drive/MyDrive/BDC2026/train/2_Organic/O_8758.jpg,2,1,Organic,0,Recyclable,0.506182122362276,0.0,0.49381787763772406,0.506182122362276
/content/drive/MyDrive/BDC2026/train/2_Organic/O_9192.jpg,0,1,Recyclable,2,Organic,0.0,0.0,1.0,1.0
/content/drive/MyDrive/BDC2026/train/2_Organic/O_9618.jpg,2,0,Organic,0,Recyclable,0.6063098061361568,0.0,0.3936901938638432,0.6063098061361568
/content/drive/MyDrive/BDC2026/train/2_Organic/O_6649.jpg,2,4,Organic,0,Recyclable,0.7242481428585622,0.0,0.27575185714143785,0.7242481428585622
/content/drive/MyDrive/BDC2026/train/2_Organic/O_6870.jpg,2,0,Organic,0,Recyclable,0.46681557946846325,0.267394788212833,0.26578963231870373,0.46681557946846325
/content/drive/MyDrive/BDC2026/train/2_Organic/O_6785.jpg,2,0,Organic,0,Recyclable,0.6695493974426757,0.0,0.33045060255732434,0.6695493974426757
/content/drive/MyDrive/BDC2026/train/2_Organic/O_7646.jpg,2,2,Organic,1,Electronic,0.0,0.6538277268571069,0.34617227314289317,0.6538277268571069
/content/drive/MyDrive/BDC2026/train/2_Organic/O_6802.jpg,2,2,Organic,0,Recyclable,0.5430310126783334,0.0,0.4569689873216665,0.5430310126783334
/content/drive/MyDrive/BDC2026/train/2_Organic/O_6856.jpg,2,3,Organic,0,Recyclable,0.9259062544627086,0.0,0.07409374553729137,0.9259062544627086
/content/drive/MyDrive/BDC2026/train/2_Organic/O_538.jpg,2,0,Organic,0,Recyclable,0.7342436042837628,0.0,0.26575639571623716,0.7342436042837628
/content/drive/MyDrive/BDC2026/train/2_Organic/O_4986.jpg,2,4,Organic,0,Recyclable,0.5741627467918297,0.0,0.4258372532081704,0.5741627467918297
/content/drive/MyDrive/BDC2026/train/2_Organic/O_6710.jpg,2,1,Organic,0,Recyclable,0.5934409714553948,0.0,0.4065590285446052,0.5934409714553948
/content/drive/MyDrive/BDC2026/train/2_Organic/O_7268.jpg,2,1,Organic,0,Recyclable,0.7953048067819685,0.0,0.2046951932180315,0.7953048067819685
/content/drive/MyDrive/BDC2026/train/2_Organic/O_6841.jpg,2,2,Organic,0,Recyclable,0.9306389806207647,0.0,0.06936101937923538,0.9306389806207647
/content/drive/MyDrive/BDC2026/train/2_Organic/O_4736.jpg,2,0,Organic,0,Recyclable,0.8690686182850098,0.0,0.13093138171499022,0.8690686182850098
/content/drive/MyDrive/BDC2026/train/2_Organic/O_5065.jpg,2,0,Organic,0,Recyclable,0.8697600048049904,0.06735314900573214,0.0628868461892775,0.8697600048049904
/content/drive/MyDrive/BDC2026/train/2_Organic/O_6271.jpg,2,2,Organic,0,Recyclable,1.0,0.0,0.0,1.0
/content/drive/MyDrive/BDC2026/train/2_Organic/O_6337.jpg,2,2,Organic,0,Recyclable,0.5360634263942472,0.0,0.46393657360575286,0.5360634263942472
/content/drive/MyDrive/BDC2026/train/2_Organic/O_486.jpg,2,2,Organic,0,Recyclable,0.5949076349080936,0.0,0.4050923650919064,0.5949076349080936
/content/drive/MyDrive/BDC2026/train/2_Organic/O_507.jpg,2,0,Organic,0,Recyclable,0.9140700509117019,0.0,0.08592994908829804,0.9140700509117019
/content/drive/MyDrive/BDC2026/train/2_Organic/O_5100.jpg,2,3,Organic,0,Recyclable,0.8645548598425108,0.0,0.13544514015748918,0.8645548598425108
/content/drive/MyDrive/BDC2026/train/2_Organic/O_572.jpg,2,2,Organic,0,Recyclable,1.0,0.0,0.0,1.0
/content/drive/MyDrive/BDC2026/train/2_Organic/O_516.jpg,2,2,Organic,0,Recyclable,1.0,0.0,0.0,1.0
/content/drive/MyDrive/BDC2026/train/2_Organic/O_4451.jpg,2,1,Organic,0,Recyclable,0.5245078453362829,0.0,0.4754921546637171,0.5245078453362829
/content/drive/MyDrive/BDC2026/train/2_Organic/O_2892.jpg,2,1,Organic,0,Recyclable,0.6060103366344427,0.0,0.39398966336555724,0.6060103366344427
/content/drive/MyDrive/BDC2026/train/2_Organic/O_331.jpg,2,0,Organic,0,Recyclable,0.6669656165155778,0.0,0.33303438348442216,0.6669656165155778
/content/drive/MyDrive/BDC2026/train/2_Organic/O_446.jpg,2,3,Organic,0,Recyclable,1.0,0.0,0.0,1.0
/content/drive/MyDrive/BDC2026/train/2_Organic/O_5269.jpg,2,0,Organic,0,Recyclable,0.7392186886021123,0.0,0.2607813113978877,0.7392186886021123
/content/drive/MyDrive/BDC2026/train/2_Organic/O_6371.jpg,2,1,Organic,0,Recyclable,0.6054364939150184,0.19943386300209603,0.19512964308288558,0.6054364939150184
/content/drive/MyDrive/BDC2026/train/2_Organic/O_458.jpg,2,4,Organic,0,Recyclable,0.5398585477030731,0.0,0.460141452296927,0.5398585477030731
/content/drive/MyDrive/BDC2026/train/2_Organic/O_345.jpg,2,0,Organic,0,Recyclable,0.9110245673537892,0.0,0.08897543264621081,0.9110245673537892
/content/drive/MyDrive/BDC2026/train/2_Organic/O_3694.jpg,2,4,Organic,0,Recyclable,0.680578499298341,0.0,0.319421500701659,0.680578499298341
/content/drive/MyDrive/BDC2026/train/2_Organic/O_4055.jpg,2,3,Organic,0,Recyclable,0.6708482847020886,0.0,0.3291517152979114,0.6708482847020886
/content/drive/MyDrive/BDC2026/train/2_Organic/O_3532.jpg,2,2,Organic,0,Recyclable,0.5938975684028094,0.0,0.40610243159719067,0.5938975684028094
/content/drive/MyDrive/BDC2026/train/2_Organic/O_2886.jpg,2,2,Organic,0,Recyclable,0.8013797295338865,0.0,0.19862027046611355,0.8013797295338865
/content/drive/MyDrive/BDC2026/train/2_Organic/O_2783.jpg,2,4,Organic,0,Recyclable,0.532595696520866,0.0,0.4674043034791339,0.532595696520866
/content/drive/MyDrive/BDC2026/train/2_Organic/O_315.jpg,2,0,Organic,0,Recyclable,0.7985998521679468,0.0,0.20140014783205315,0.7985998521679468
/content/drive/MyDrive/BDC2026/train/2_Organic/O_415.jpg,2,1,Organic,0,Recyclable,0.6660213401652572,0.0,0.33397865983474284,0.6660213401652572
/content/drive/MyDrive/BDC2026/train/2_Organic/O_1793.jpg,2,3,Organic,0,Recyclable,0.5136814035104011,0.0,0.4863185964895989,0.5136814035104011
/content/drive/MyDrive/BDC2026/train/2_Organic/O_1909.jpg,2,4,Organic,0,Recyclable,1.0,0.0,0.0,1.0
/content/drive/MyDrive/BDC2026/train/2_Organic/O_2016.jpg,2,2,Organic,0,Recyclable,0.722645975146323,0.0,0.277354024853677,0.722645975146323
/content/drive/MyDrive/BDC2026/train/2_Organic/O_1864.jpg,2,2,Organic,0,Recyclable,0.9278896235482148,0.0721103764517852,0.0,0.9278896235482148
/content/drive/MyDrive/BDC2026/train/2_Organic/O_1988.jpg,2,3,Organic,0,Recyclable,1.0,0.0,0.0,1.0
/content/drive/MyDrive/BDC2026/train/2_Organic/O_1335.jpg,2,1,Organic,0,Recyclable,0.5401581962790243,0.0,0.4598418037209757,0.5401581962790243
/content/drive/MyDrive/BDC2026/train/2_Organic/O_1675.jpg,2,2,Organic,0,Recyclable,0.5788362297427779,0.0,0.4211637702572221,0.5788362297427779
/content/drive/MyDrive/BDC2026/train/2_Organic/O_1800.jpg,2,3,Organic,0,Recyclable,1.0,0.0,0.0,1.0
/content/drive/MyDrive/BDC2026/train/2_Organic/O_1812.jpg,2,4,Organic,0,Recyclable,0.728761599262975,0.0,0.271238400737025,0.728761599262975
/content/drive/MyDrive/BDC2026/train/2_Organic/O_1713.jpg,2,3,Organic,0,Recyclable,0.588432516686526,0.0,0.41156748331347404,0.588432516686526
/content/drive/MyDrive/BDC2026/train/2_Organic/O_1467.jpg,2,0,Organic,0,Recyclable,0.6665591661529762,0.0,0.3334408338470238,0.6665591661529762
/content/drive/MyDrive/BDC2026/train/2_Organic/O_1715.jpg,2,1,Organic,0,Recyclable,0.6234989720819613,0.0,0.3765010279180388,0.6234989720819613
/content/drive/MyDrive/BDC2026/train/2_Organic/O_1687.jpg,2,1,Organic,0,Recyclable,0.9351213572035545,0.0,0.06487864279644551,0.9351213572035545
/content/drive/MyDrive/BDC2026/train/2_Organic/O_1738.jpg,2,0,Organic,0,Recyclable,0.6831211737710801,0.0,0.31687882622891994,0.6831211737710801
/content/drive/MyDrive/BDC2026/train/2_Organic/O_1725.jpg,2,2,Organic,0,Recyclable,0.7325141599424576,0.0,0.2674858400575424,0.7325141599424576
/content/drive/MyDrive/BDC2026/train/2_Organic/O_1797.jpg,2,0,Organic,0,Recyclable,0.6683263802805985,0.0,0.3316736197194014,0.6683263802805985
/content/drive/MyDrive/BDC2026/train/2_Organic/O_1677.jpg,2,4,Organic,0,Recyclable,0.5103602987383163,0.0,0.48963970126168366,0.5103602987383163
/content/drive/MyDrive/BDC2026/train/2_Organic/O_10301.jpg,2,1,Organic,0,Recyclable,0.8672741267196219,0.0,0.13272587328037808,0.8672741267196219
/content/drive/MyDrive/BDC2026/train/2_Organic/O_1888.jpg,2,4,Organic,0,Recyclable,0.6568287110464456,0.0,0.3431712889535544,0.6568287110464456
/content/drive/MyDrive/BDC2026/train/2_Organic/O_1606.jpg,2,2,Organic,0,Recyclable,0.7327702479623367,0.0,0.26722975203766336,0.7327702479623367
/content/drive/MyDrive/BDC2026/train/2_Organic/O_1485.jpg,2,0,Organic,0,Recyclable,0.7985998521679468,0.0,0.20140014783205315,0.7985998521679468
/content/drive/MyDrive/BDC2026/train/2_Organic/O_1228.jpg,2,1,Organic,0,Recyclable,0.933264352549137,0.0,0.06673564745086305,0.933264352549137
/content/drive/MyDrive/BDC2026/train/2_Organic/O_1736.jpg,2,3,Organic,0,Recyclable,0.7711340221519439,0.0,0.22886597784805607,0.7711340221519439
/content/drive/MyDrive/BDC2026/train/2_Organic/O_1949.jpg,2,0,Organic,0,Recyclable,1.0,0.0,0.0,1.0
/content/drive/MyDrive/BDC2026/train/2_Organic/O_1598.jpg,2,0,Organic,0,Recyclable,0.5431428738995797,0.0,0.45685712610042034,0.5431428738995797
/content/drive/MyDrive/BDC2026/train/2_Organic/O_1805.jpg,0,3,Recyclable,2,Organic,0.0,0.0,1.0,1.0
/content/drive/MyDrive/BDC2026/train/2_Organic/O_1807.jpg,2,0,Organic,0,Recyclable,1.0,0.0,0.0,1.0
/content/drive/MyDrive/BDC2026/train/2_Organic/O_1978.jpg,2,0,Organic,0,Recyclable,0.8605518980001048,0.0,0.13944810199989524,0.8605518980001048
/content/drive/MyDrive/BDC2026/train/2_Organic/O_1627.jpg,2,1,Organic,0,Recyclable,0.6472681150414158,0.0,0.3527318849585842,0.6472681150414158
/content/drive/MyDrive/BDC2026/train/2_Organic/O_158.jpg,2,4,Organic,0,Recyclable,1.0,0.0,0.0,1.0
/content/drive/MyDrive/BDC2026/train/2_Organic/O_1955.jpg,2,0,Organic,0,Recyclable,0.5234346803581671,0.0,0.4765653196418329,0.5234346803581671
/content/drive/MyDrive/BDC2026/train/2_Organic/O_10242.jpg,2,3,Organic,0,Recyclable,0.7982995045544384,0.0,0.2017004954455615,0.7982995045544384
/content/drive/MyDrive/BDC2026/train/2_Organic/O_112.jpg,2,3,Organic,0,Recyclable,0.7920942229540691,0.0,0.20790577704593097,0.7920942229540691
/content/drive/MyDrive/BDC2026/train/2_Organic/O_11223.jpg,2,4,Organic,0,Recyclable,0.8699095632078286,0.0,0.1300904367921713,0.8699095632078286
